Features,Silhouette,Davies_Bouldin,Dist_Centroides,Overlap_GMM,KS,Wasserstein,ROC_AUC,Score_Final
V14 | V17,0.7646638631767005,0.9982848687737814,0.37649846111556096,0.9613570684527036,0.9629124285445909,0.9957319360810567,0.9999999999999998,0.9232341058324806
V10 | V14,0.7325882921300784,0.9984616910594136,0.3279662205601446,0.9457408018567358,1.0000000000000002,0.8968113208935004,0.983920869484119,0.8973366246238156
V3 | V14,0.7095570617619313,0.998717010324238,0.410935983923774,0.9468896707503193,0.9331966399184135,0.9921920332056299,0.9404754985643311,0.8932369676093045
V10 | V17,0.7398487147529064,0.997674552787213,0.3120336871700255,0.95048403314195,0.9429440970451679,0.9046192876878704,0.9609578274250821,0.88819164666283
V3 | V17,0.7264102605003773,0.9981756045124838,0.42292748423681065,0.9577111326361011,0.8761407369635814,1.0,0.9175124565052941,0.8880097413273653
V12 | V17,0.7265119119923027,0.9980655379110412,0.3399249613791154,0.9349835081205624,0.9333018437508389,0.9469626313080323,0.9541973658304059,0.8868464866230311
V12 | V14,0.6535819240756935,0.9980658342299518,0.2798599290236849,0.9049135926044035,0.9903577467056708,0.9391546645136623,0.9771604078894429,0.8732424022028351
V7 | V14,0.7208154039958643,0.9979766808468586,0.3309605387502303,0.9528682407133844,0.905858672606747,0.8900069610005216,0.9289194119637416,0.87048597909514
V3 | V12,0.6969071746928784,0.998585978139827,0.4034335501225291,0.9345461652604876,0.9035860551246614,0.9434227284326057,0.8946728643947368,0.8667323781392686
V7 | V17,0.7443661299036466,0.9974988017356226,0.34567799910977004,0.9575590885843634,0.8488027696519149,0.8978149277948917,0.9059563699047049,0.8654004811018343
V14 | V16,0.7499330299045497,0.9989451103243856,0.33850202279401914,0.9418232946434716,0.9241415957703767,0.787544294674337,0.9728414618816743,0.8625604054141156
V3 | V10,0.6983867165924785,0.9982799522112947,0.36650074445899966,0.9384336544250902,0.9132283084189904,0.9010793848124438,0.901433325989413,0.8622099639996204
V11 | V17,0.743872204061582,0.9982750164764839,0.34181253292785885,0.9594696449419945,0.9115278709642791,0.7681259062566422,0.9438325261779219,0.8561494703128706
V10 | V12,0.6616956700888014,0.9981236659428809,0.27573475865295777,0.9178887907816942,0.970389415206248,0.8480420161204759,0.9381182353145252,0.8523942250144213
V11 | V14,0.7108606324740251,0.9990909735777708,0.31066252300788894,0.9182158419521746,0.9685837739191112,0.7603179394622722,0.9667955682369589,0.8497290181065225
V16 | V17,0.750686124472831,0.99793406128667,0.29602454446481796,0.933202699648613,0.8670856928155446,0.7953522614687071,0.9498784198226373,0.848447638869475
V4 | V14,0.6712913091696799,0.9988627649324117,0.30720593208263897,0.9012136992440829,0.974970075950726,0.8133971045064767,0.9582058847779458,0.8466202766726759
V4 | V17,0.6734318862287764,0.9979814336242865,0.3185529468541679,0.9318506448607937,0.917914172995894,0.8212050713008469,0.9352428427189088,0.8426687659036315
V3 | V7,0.7139864127159967,0.9982924756118569,0.4188430583966378,0.9460419637882054,0.8190869810257375,0.894275024919465,0.846431868469036,0.8423226821619948
V7 | V12,0.7033508658153464,0.9980310388551651,0.327024552262558,0.9378035036483366,0.8762480878129949,0.8412376562274974,0.8831167777941475,0.842097418953434
V3 | V11,0.7388334607534504,0.9990348143519638,0.4525772304098313,0.9584011557069945,0.8818120823381017,0.7645860033812154,0.884308024742253,0.8420190737332001
V3 | V4,0.6914418741931755,0.9988286469681463,0.4156580258210401,0.9347318272506705,0.8881983843697164,0.81766516842542,0.8757183412832397,0.8352879700483127
V7 | V10,0.6857545711618824,0.9972155559532897,0.2569365298046284,0.9373091050179215,0.8858903411073241,0.7988943126073355,0.8898772393888239,0.8317105737267654
V3 | V16,0.7249139362506833,0.9987537224317318,0.4108342031251936,0.9420264979471188,0.837369904189367,0.7918123585932804,0.8903539183869686,0.8316069529446769
V12 | V16,0.7082080943721849,0.9988201483683081,0.306246858883341,0.9223690707836039,0.8945310109766245,0.7387749899013127,0.9270388277120805,0.8270093742357427
V10 | V16,0.7155185451283353,0.9980648130622845,0.2605526158587126,0.9288561519816755,0.9041732642709535,0.6964316462811507,0.9337992893067566,0.8245945853185993
V10 | V11,0.6938793974899781,0.9981719550563468,0.25841239437401126,0.9359074731217835,0.9486154424196882,0.6692052910690859,0.9277533956620412,0.8237862039168993
V2 | V17,0.6798360591960202,0.9965932837735842,0.24265403986938044,0.9378098198405597,0.8281978476154693,0.7572058385657624,0.8854276346764598,0.8100349704630374
V7 | V11,0.7198418849589605,0.998084732044626,0.3211970886699306,0.9518271542610448,0.8544741150264352,0.6624009311761071,0.872751938141664,0.8085674628596762
V2 | V14,0.6414505346157341,0.9974975299447008,0.23540081242122357,0.914746228737696,0.8852537505703015,0.7493978717713924,0.9083906767354968,0.806818582980246
V4 | V10,0.6129967936316997,0.9974649923266858,0.22149361483078095,0.9009872472051886,0.955001744451303,0.7222844561132905,0.9191637122030276,0.8058696215424437
V7 | V16,0.7284469195382449,0.998006873701049,0.3169113377703233,0.9433323379472592,0.8100319368777007,0.6896272863881721,0.8787978317863794,0.8057564422031885
V4 | V7,0.6723070500702787,0.9980354060825442,0.31268770713564664,0.9249935520252696,0.86086041705805,0.7154800962203118,0.8641622546826504,0.8010094786478246
V11 | V12,0.6158620950914261,0.9986468833912336,0.24180463285983253,0.8965070604584877,0.938973189125359,0.7115486346892478,0.920992934067365,0.8002959470571364
V4 | V12,0.594177487605935,0.9984826711406493,0.2598112795102207,0.8707930198451324,0.9453594911569738,0.7646277997334524,0.9124032506083515,0.7994804101016872
V1 | V14,0.6563452798643852,0.9981372252517111,0.3485501179982941,0.9412086538039041,0.7838962990794666,0.8300907276562111,0.7569590402982982,0.7978817927940377
V1 | V17,0.6884686303011038,0.9977568395147498,0.37636452396447956,0.9494866682745872,0.7268403961246344,0.8378986944505811,0.7339959982392612,0.795836242582892
V14 | V18,0.7306980748502229,0.9988714774547077,0.30272534034636195,0.9358231511709205,0.802834062424519,0.653866518066373,0.8601109337456743,0.7939815159780317
V9 | V17,0.7206012295539705,0.997803823470977,0.28375791199489864,0.9380350809710785,0.7917178819677411,0.6811578696537387,0.8358025575765604,0.7928144837132144
V11 | V16,0.7097894277124267,0.9991447644652016,0.2848154115494478,0.9409711018822497,0.8727570381900648,0.5599382648499226,0.9166739880595964,0.7908965918126264
V9 | V14,0.6837170266759373,0.998606123609668,0.2620905951329079,0.9043454063136998,0.8487737849225733,0.6733499028593687,0.8587655996355974,0.7873169057673575
V2 | V3,0.6463427947069424,0.9977668203475095,0.3062368816984982,0.9204563761502975,0.7984820589892919,0.7536659356903357,0.8259031332407907,0.7847197049743146
V14 | V21,0.7081194338762599,0.9981595754410054,0.2378739922734413,0.9542946202068268,0.8084774965781917,0.5909893078020456,0.8856682269118186,0.7840636970880009
V17 | V18,0.7359821893212388,0.997570290120697,0.264837161435349,0.9389395603665588,0.745778159469687,0.661674484860743,0.8371478916866373,0.7839357554566991
V17 | V21,0.738419491647435,0.9971554627730258,0.23926106469496794,0.9670719833563509,0.7514215936233596,0.5987972745964156,0.8627051848527816,0.7826871608801798
V5 | V14,0.6800326180534239,0.9978417911697068,0.2729879080612141,0.9315820923983446,0.7591508547811385,0.7257077680884348,0.824168976847728,0.7822922998716296
V5 | V17,0.7114827584583088,0.9970340189344904,0.27397944808473834,0.944513297845048,0.7020949518263065,0.7335157348828049,0.8012059347886911,0.7812417448965305
V4 | V16,0.6500276406130602,0.9986462684525792,0.2769659153186026,0.9177571171597706,0.8791433402216796,0.6130174298941271,0.9080843046005831,0.7811867739264273
V3 | V9,0.7182829220131663,0.9987980044340936,0.38809958480772,0.9297663180011312,0.7620020933415637,0.677617966778312,0.7762780561408915,0.7775641276416387
V4 | V11,0.6202168544214535,0.9990019862834584,0.2711537048262493,0.9065776556759053,0.9235855183704142,0.5857910746820623,0.9020384109558677,0.7737777872304218
V2 | V12,0.6009498048413476,0.9973269349449865,0.2168920938341601,0.8996701644564492,0.8556431657765493,0.7006285669983681,0.8625880425659025,0.772668143136023
V8 | V14,0.6784809043286973,0.9970952319962954,0.21475495853403373,0.9511801149638628,0.7167590778562036,0.6872374675773922,0.8391203875787727,0.7721266026677365
V3 | V18,0.7365827081867901,0.9988328491703502,0.40121182311946896,0.9338252679907375,0.7160623708435093,0.6581345819853164,0.7776233902509682,0.7702037236352439
V8 | V17,0.7063172464221598,0.9960977524501392,0.21468763717630027,0.9621194654084795,0.6597031749013715,0.6950454343717624,0.8161573455197357,0.7696746343642601
V1 | V12,0.6330098113405014,0.9980397517493591,0.33610953205993205,0.9209131077903925,0.7542857142857143,0.7813214228831867,0.7111564061287043,0.7667177978293741
V2 | V10,0.5887019006052943,0.9952647297777968,0.15304294441655938,0.9043872072386162,0.8652854190708785,0.6582852233782062,0.8693485041605786,0.7649212558668524
V1 | V10,0.630899714251142,0.9977073688988272,0.3084047577974754,0.9309066060682947,0.7639279675800434,0.7389780792630248,0.7179168677233803,0.762824476220811
V1 | V3,0.620149658754913,0.9984120501450253,0.37636984570415505,0.9170986510287638,0.697124607498457,0.8343587915751545,0.6744714968035923,0.7580559069410008
V12 | V18,0.685549369498556,0.9987780485940416,0.27098903203827396,0.9145468303089772,0.7732234776307669,0.6050972132933486,0.8143082995760802,0.7571190180943146
V12 | V21,0.6841639893254903,0.9979981748136223,0.22354957900860145,0.9423334490493586,0.7788669117844396,0.5422200030290213,0.8398655927422243,0.7548283018306268
V5 | V12,0.6597355046975654,0.9979241357546546,0.27096576518580623,0.9178584841145219,0.7295402699873864,0.6769384633154105,0.778366342678134,0.7535308781313946
V3 | V5,0.6651908755912138,0.9980037655427535,0.3389324520805386,0.9251672826570561,0.6723791632001289,0.7299758320073783,0.7416814333530222,0.7522286819388712
V10 | V18,0.6907475757578697,0.9976220250815189,0.20680627362585144,0.9093143045949253,0.7828657309250959,0.5627538696731866,0.8210687611707561,0.7512462663249309
V10 | V21,0.6762174182482615,0.9966593378086334,0.16844440757323031,0.9553871930943176,0.7885091650787687,0.4998766594088592,0.8466260543369004,0.7502409231668604
V3 | V21,0.6650013139835615,0.9979834283007418,0.299589686819003,0.9565120694596274,0.7217058049971822,0.595257371720989,0.8031806834171127,0.7490890495461427
V9 | V10,0.6336869262279694,0.9970588616657541,0.17688713788483118,0.9057817586006494,0.8288054534231504,0.5822372544661825,0.8197234270606795,0.7490480554910892
V1 | V7,0.6698002117224795,0.9982078919480791,0.37148749793465224,0.9352893073587165,0.6697866401867905,0.7321737193700462,0.662915410203003,0.7479559927019667
V14 | V27,0.6509650163476359,0.9981018446036718,0.20113848378505172,0.9246135252179157,0.7796441319341941,0.5409158297748852,0.8845634850371005,0.7464629762369138
V17 | V27,0.6787153660087307,0.9970062703481373,0.1987276284058874,0.944160353775022,0.7225882289793619,0.5487237965692552,0.8616004429780635,0.746141379353468
V7 | V18,0.7436522845260992,0.9979685675600731,0.3011066865919553,0.9365662708920984,0.688724403531843,0.555949509780208,0.7660673036503791,0.7455961518819976
V9 | V12,0.5828240418965744,0.9980145386621129,0.2109900965441937,0.9182164966771462,0.819163200128821,0.6245805980863444,0.8129629654660033,0.7453051908330636
V8 | V12,0.6618231660777595,0.9968764152721525,0.20321778479389865,0.9408598698082276,0.6871484930624515,0.638468162804368,0.7933177534091784,0.7451258654857785
V1 | V16,0.6959478935190403,0.9984346747807396,0.3764719314162786,0.9404553642194352,0.6880695633504201,0.6297110530438615,0.7068374601209357,0.7433406837255688
V7 | V9,0.6962059877584654,0.9976268762147583,0.259093043397401,0.9217309584725959,0.7346641260298972,0.5754328945732037,0.7647219695403022,0.7429758376324158
V5 | V10,0.643482016721744,0.9965553491150058,0.19878884945926628,0.9152076170694982,0.7391825232817154,0.6345951196952486,0.7851268042728099,0.7429406174704843
V8 | V10,0.6608521648647127,0.9953354316970393,0.15820983203034675,0.9529978551270266,0.6967907463567805,0.5961248191842061,0.8000782150038543,0.7420534396065176
V1 | V11,0.6695908744308172,0.9985104187294699,0.36201821860762295,0.941801281998019,0.7325117414991547,0.6024846978317967,0.7007915664762203,0.7399264836210213
V3 | V8,0.6449137636717889,0.9972654189966921,0.27475949899937585,0.9520428860875518,0.629987386275194,0.6915055314963356,0.7566328440840666,0.7392010304025478
V2 | V7,0.5640964316145795,0.9957373456742172,0.16835290713648718,0.9164223555186713,0.7711440916776254,0.6514808634852274,0.8143470466402016,0.7360893924799035
V7 | V21,0.7164100264325209,0.9971340899485722,0.22932832776384252,0.9608787249111874,0.6943678376855157,0.49307229951588066,0.7916245968165234,0.7359726749578587
V2 | V16,0.6255950367683649,0.9962880989781221,0.17146536584334027,0.9031333880230968,0.789427014841255,0.5490181971590429,0.8582690965581343,0.7356980582537385
V7 | V8,0.7181769441846526,0.9965290451031606,0.23651559594400037,0.967562162950606,0.6026494189635277,0.5893204592912273,0.7450767574834776,0.7343364281831134
V2 | V11,0.6119319674139929,0.996215589882361,0.1601968870995374,0.8991479478299081,0.8338691929899896,0.521791841946978,0.8522232029134187,0.7341245060897107
V5 | V7,0.6904447212539786,0.9969676022173196,0.2613885719378949,0.927238154224733,0.6450411958884626,0.62779075980227,0.7301253467524329,0.7319996446830677
V1 | V4,0.6289879224151194,0.9984016603770495,0.33839992792292134,0.9029864282918649,0.7388980435307694,0.6555638628760013,0.6922018830172068,0.731106157259821
V17 | V19,0.7435996400872438,0.9978051417263787,0.25903302586319615,0.925355644318597,0.6298156249161322,0.5542294833654562,0.7655753060454882,0.7306053733623267
V17 | V28,0.701114770241546,0.9973144324492356,0.21240627153588226,0.9430513555330873,0.6535809559593141,0.5161469787694434,0.84199397798536,0.7291865161879458
V14 | V19,0.704208169174497,0.9988769690973626,0.2586202470121088,0.9008252226216059,0.6868715278709644,0.5464215165710862,0.7885383481045252,0.7267707916478884
V2 | V4,0.5637398715398708,0.9966476119337592,0.17868313455980575,0.8717774530654294,0.8402554950216043,0.5748710069911825,0.8436335194544053,0.7262679834993231
V5 | V16,0.7099474968481372,0.9976643974085125,0.258605041343892,0.9329638013838593,0.6633241190520921,0.5253280934760853,0.7740473966703656,0.7258630067306711
V14 | V28,0.6494271870262416,0.9982484802941145,0.20663137876287874,0.9225737530590981,0.7106368589141463,0.5083390119750734,0.864957020044397,0.7232911112036186
V5 | V11,0.6788549691057868,0.9975363898903661,0.24342422345943246,0.9419396159740356,0.7077662972008267,0.4981017382640203,0.76800150302565,0.7231724036654901
V4 | V5,0.644952178459687,0.9977293886808588,0.2630193903719887,0.9230127862342863,0.7141525992324416,0.5511809033082251,0.7594118195666366,0.7209991236382903
V16 | V18,0.7198794326584226,0.99885569720005,0.23790227856675852,0.9086811119528503,0.7070073266954725,0.4534868434540233,0.8099893535683118,0.7202379055395486
V9 | V16,0.6633133905258254,0.9985676154164076,0.22917709492177207,0.9113762710902888,0.7529470491935268,0.472970228247019,0.8086440194582349,0.7197202728379613
V11 | V18,0.6665643136785755,0.9988361258968038,0.23641543838977147,0.9320080938010408,0.7514495048442073,0.4262604882419585,0.8039434599235962,0.7155794464794968
V9 | V11,0.6266510325507775,0.998503801672084,0.2122162351062447,0.9176224938465585,0.7973892273422614,0.4457438730349542,0.8025981258135195,0.7149548142561291
V10 | V27,0.6211358474950204,0.9961783041051627,0.13197170296870067,0.9303611181475356,0.759675800434771,0.44980318138169884,0.8455213124621821,0.7143221690201511
V16 | V21,0.683927410429109,0.9973451896562149,0.17154662448369593,0.9496280262324679,0.7126507608491454,0.390609633189696,0.8355466467344561,0.7125956026466082
V4 | V18,0.6272018297253883,0.9988351862843723,0.25011658339109066,0.9111099163516535,0.757835806875822,0.47933965328616307,0.7953537764645828,0.7115484061981159
V12 | V27,0.5976957798732918,0.997974112576013,0.1813487357442608,0.911316626728361,0.7500335471404418,0.4921465250018608,0.8387608508675062,0.7095652011656244
V3 | V19,0.7148367319225705,0.9987812655830461,0.3538175645682581,0.9175662294665536,0.6000998362899548,0.5506895804900296,0.7060508046098193,0.7088637041642599
V6 | V17,0.5676648571961719,0.9953890141940323,0.15094600980981257,0.8984363609063506,0.7292729663723465,0.5984577363147705,0.7551185547525301,0.707583300538307
V17 | V20,0.6400487202033598,0.996495395543484,0.17532001803246755,0.936949340269943,0.6504999865811439,0.5370176360570669,0.7563336807052687,0.7073864077164947
V8 | V16,0.6732555765870987,0.9955672618216477,0.15283148247926737,0.9464245529390924,0.6209323421271571,0.48685779296504267,0.7889988074014103,0.7053779401401288
V14 | V20,0.6024177453024702,0.9975721196992783,0.17730001693396216,0.9104427616348337,0.7075558895359761,0.5292096692626969,0.7792967227643057,0.7034979107704912
V6 | V14,0.5255702303039984,0.99678966730962,0.160765649794457,0.8642796198120091,0.7863288693271787,0.5906497695204006,0.7780815968115671,0.7006663499796745
V17 | V23,0.7182610558033314,0.9972751503545126,0.22419524780921987,0.9496393174641682,0.5303786801213065,0.527168506736768,0.7113677127923432,0.6996213019677242
V3 | V27,0.564969725541603,0.9977506200255264,0.23218722568798705,0.9220931596372837,0.6928724403531843,0.5451838936938286,0.8020759415423944,0.6995845822583637
V14 | V23,0.6792475035814778,0.9982555295365336,0.21702441456748572,0.9311846789926418,0.5874345830761387,0.519360539942398,0.7343307548513802,0.6974001457323752
V11 | V21,0.6057895504445179,0.9968620074280723,0.14145384893350663,0.9471355112548726,0.7570929389978799,0.36338327797763115,0.8295007530897405,0.6952765841289239
V4 | V21,0.5742098593124747,0.9973370583046565,0.17218783355483008,0.9295247307501744,0.7634792410294947,0.41646244302183577,0.8209110696307271,0.6940130912890012
V8 | V11,0.6205852672223208,0.9943645440627307,0.12224009260014371,0.9419284876287398,0.6653745202758918,0.4596314377529778,0.7829529137566944,0.6939249216942086
V10 | V28,0.6217303662520068,0.9963807839883654,0.13359877230480355,0.9261341413500467,0.6906685274147232,0.41722636358188697,0.8259148474694789,0.6911365898467833
V12 | V28,0.6111637489207329,0.9981737730219011,0.1893607088180213,0.9092965818216668,0.681026274120394,0.4595697072020489,0.8191543858748027,0.6901497175375688
V20 | V21,0.9999999999999999,1.0,1.0,1.0,0.4960650546147447,0.13227500777805584,0.6420019076170871,0.6898682032402689
V7 | V27,0.6238963645089739,0.9965735997734292,0.16578729509026616,0.9321769904206956,0.665534473041518,0.44299882148872016,0.7905198549418053,0.6897769831326456
V4 | V8,0.5747440614106621,0.9950623008716848,0.14348069989063958,0.9239071904644502,0.6717608223075067,0.5127106027971824,0.7743632302976813,0.688993421019484
V1 | V2,0.5932201820325478,0.9972834172428022,0.27207178546266314,0.9130600168450841,0.649181718150345,0.591564630140917,0.642386674974758,0.6889579868751362
V12 | V19,0.6550212886502055,0.9987433116488588,0.23139035098919178,0.8790536903459021,0.6572609430772122,0.4976522117980618,0.7427357139349311,0.6887749471175749
V1 | V9,0.6809388916147212,0.9985642037158223,0.36058157791710543,0.9297333509423924,0.6127017525026167,0.5155166612288932,0.5927615978748586,0.6875879031730663
V7 | V19,0.7286335054684244,0.9978797780569861,0.26614603302874024,0.925274544447974,0.5727618689782883,0.4485045082849212,0.69449471800923,0.6871797597326644
V3 | V28,0.5905154048316158,0.9978425092495483,0.24295585710177087,0.9255621217420277,0.6238651673331366,0.5126070758940167,0.7824694765496909,0.6845607779438105
V10 | V19,0.6585088072731918,0.9972470330001335,0.16356520867303012,0.8809151321168909,0.6669031963715413,0.45530886817789984,0.749496175529607,0.6842480153103697
V1 | V18,0.7067718591028849,0.9987226012496412,0.3733244066925189,0.9359514118208616,0.5667620300045625,0.4960332764358974,0.5941069319849355,0.6826505722175221
V17 | V25,0.7808356317430208,0.9980874955500365,0.2728085341187096,0.9353899557681635,0.47269477469740484,0.508288827017916,0.5733412088993897,0.6825872381107991
V17 | V22,0.7754222678391017,0.9981880845233692,0.3031072958025802,0.9515529134015559,0.4507780252811251,0.5145297907856992,0.5527002874040954,0.6800753872639388
V17 | V26,0.7950949583370709,0.9982465693690316,0.28534980802679094,0.9385486591481428,0.4770059848098549,0.5003707865986912,0.5033036377636098,0.6792166224293736
V1 | V5,0.6868845873995062,0.9982419193818574,0.3700287555079932,0.9302208912614,0.523078822361182,0.5678745264579593,0.558164975086989,0.6782835369377537
V17 | V24,0.7833925800551264,0.9982446910231085,0.2825270042876634,0.9379907449704508,0.496208904752959,0.5048501003123457,0.47373332017735326,0.6779309642871905
V3 | V6,0.5171464812858425,0.9970945853323375,0.20531019013963603,0.8798736956805451,0.6995571777461691,0.5949178334393438,0.695594053316861,0.6777094518103857
V14 | V22,0.7411536963959506,0.9991978184843332,0.28416352916888893,0.92557255713627,0.5078339282359572,0.5067218239913291,0.5756633294631324,0.6771590467748256
V6 | V12,0.5085307431345267,0.9970691205070211,0.15986295782117504,0.8629114811836582,0.7567182845334264,0.5418804647473762,0.7322789626419728,0.675808202199904
V13 | V17,0.7365284253036416,0.9980751046535093,0.2870591082469358,0.9390929494856907,0.4847105552722686,0.5054001749296482,0.5756047583196928,0.6744879655696858
V14 | V25,0.7365605070517207,0.9990723634257036,0.2526773801372343,0.8955633364860356,0.5297506776522369,0.500480860223546,0.5963042509584267,0.6737076935554384
V14 | V26,0.7620665789009732,0.9992989320038081,0.2649830543921367,0.9005977423390557,0.534061887764687,0.4925628198043211,0.5262666798226467,0.6736176898060735
V14 | V24,0.7465484458970145,0.9992760759656631,0.2651277410067067,0.9026621944106646,0.5532648077077911,0.4970421335179756,0.49669636223639024,0.6720336845457122
V7 | V28,0.6439773090032206,0.9968029108811077,0.1714105072418516,0.9297912022634112,0.5965272000214702,0.4104220036889083,0.7709133899491019,0.6719233075536438
V2 | V21,0.6172732788639432,0.9929800044318092,0.09567008161918603,0.9408139797936488,0.6737629156490701,0.35246321028675137,0.7710958615882784,0.6718766260103901
V10 | V20,0.5732918358274898,0.9958567454474455,0.12154099487862685,0.9172881734775513,0.687587558036553,0.43809702086951047,0.7402545501893876,0.6718073731264118
V6 | V10,0.5127590075564744,0.9947489789099517,0.10992938680887024,0.8609947837246539,0.7663605378277556,0.4995371211272142,0.7390394242366491,0.670521922034941
V12 | V20,0.5577896280933339,0.9975459470523587,0.1628842145878979,0.898650044488963,0.6779453047422238,0.48044036448967237,0.7334940885947117,0.6691364608514246
V2 | V8,0.6203603278806739,0.9920191568574954,0.10012495103648146,0.9363816057240211,0.582044496927082,0.44871137006209805,0.7245480222552323,0.6677914590245331
V13 | V14,0.6960991979549445,0.9991167286185728,0.26637483355436664,0.9023237151082589,0.5417664582271008,0.4975922081352781,0.5985678003787298,0.6673342415761496
V9 | V18,0.6705873498753562,0.9985444878905115,0.20954539607236725,0.9431479539923886,0.6316395158476692,0.339292451639055,0.6959134913222347,0.6672115685965044
V3 | V20,0.5490183286132336,0.9976587383327967,0.22430670461704136,0.9173489208767851,0.6207841979549663,0.5334777331816402,0.6968091792695998,0.667125116526786
V2 | V9,0.59141289442827,0.9929997466955437,0.0980980594289615,0.8597233668428694,0.7140592039934517,0.4348238053440745,0.7441932343120572,0.6669799906164958
V2 | V18,0.6186586067596987,0.9941416959743663,0.11323457991003792,0.8819992215412796,0.6681194814953975,0.4153404205510787,0.7455385684221338,0.6664102943267531
V12 | V23,0.6480670119819905,0.9981952686094175,0.20525817073321082,0.9164493110546617,0.5578239982823865,0.47059123516937357,0.6885281206817861,0.6656649395176937
V3 | V23,0.6422910011653771,0.9981610929118496,0.2839033447177341,0.9392627493566063,0.5006628914951291,0.5236286038613414,0.6518432113566743,0.6654310578374573
V1 | V21,0.6526331599789713,0.9982920898300027,0.308328682642993,0.9547965397928988,0.5724054641582351,0.43315606617157004,0.6196642251510796,0.6649361535240365
V5 | V18,0.7172851635392358,0.9971905545589979,0.20954745884083653,0.9296035089390792,0.5420165857062345,0.3916503168681212,0.6613168685343651,0.6645872354878865
V15 | V17,0.7438036744405115,0.9980747609525558,0.2814997463722716,0.9387630511697819,0.4550785003086337,0.5031691162767356,0.5157626210676798,0.6638674668264152
V16 | V27,0.5860645185888683,0.9973992534313936,0.13633317294312677,0.9152157913353011,0.6838173962051475,0.34053615516253555,0.834441904859738,0.6636349782405528
V10 | V23,0.6444127542581158,0.9967474379669585,0.15123080893504046,0.9303163532316734,0.5674662515767156,0.42824789154921167,0.6952885822764623,0.662353963725279
V3 | V22,0.7616336861896699,0.9991152932930278,0.43231687416299164,0.9448070470569073,0.4210622366549476,0.5109898879102726,0.4931757859684265,0.6623381868215309
V5 | V9,0.6744540230012763,0.9963728860908782,0.17781076146353944,0.9091278124344182,0.5879563082042887,0.4111337016611169,0.6599715344242885,0.6617106142744336
V7 | V20,0.6217477527465523,0.9963844606065445,0.16335818458370938,0.9297572007119417,0.5934462306433,0.4312926609765318,0.6852530926690106,0.6613493259554909
V6 | V7,0.5452754468800527,0.9960955648782355,0.15712611984500732,0.8945268679780102,0.6722192104345026,0.49273276123423543,0.6840379667162719,0.6613447697198905
V1 | V8,0.6471719566598333,0.9976085802151278,0.2946252830076232,0.953964001775634,0.4806870454362471,0.5294042259469168,0.5731163858180335,0.6596138824673029
V3 | V24,0.7670747370761954,0.999214263693544,0.3986553234578341,0.927038425769628,0.46649311612678146,0.501310197436919,0.41420881874168436,0.6585098352983644
V3 | V26,0.7749430407294365,0.9992319029937733,0.39806326387833507,0.9250660759337872,0.4472901961836774,0.4968308837232645,0.44377913632794064,0.6582044087799883
V3 | V25,0.7438372549479982,0.9989964846223502,0.36821928280227867,0.9222396896234807,0.4429789860712273,0.5047489241424894,0.5138167074637205,0.6574464889319851
V3 | V13,0.7333956358280067,0.9991165772387984,0.3925264480651519,0.9236988608944677,0.4549947666460912,0.5018602720542216,0.5160802568840239,0.6572526576090836
V7 | V23,0.706279543622524,0.9971038212616621,0.20939417600541577,0.9477650725973871,0.4733249241834626,0.42144353165623294,0.6402871247560851,0.6564935576985254
V2 | V5,0.5679468741442592,0.9933454355361331,0.11419834655723411,0.8802349855335893,0.6244362738520169,0.4871816705731406,0.7095966115241878,0.6553287149569125
V8 | V21,0.7293619405805637,0.9839714633944847,0.042944518847713775,0.9667376901703223,0.5052682429349723,0.29030280609275133,0.7018255724315541,0.6533216747364217
V14 | V15,0.6955254824527446,0.9990338872944036,0.2605165527443251,0.8949746715798781,0.5121344032634658,0.49536114948236537,0.5387256631267168,0.6529967153699935
V5 | V21,0.666090886865149,0.9952990933480144,0.1442083526726884,0.9549869504092919,0.5476600198599072,0.3287731066037939,0.6868741617005094,0.6492435007814015
V4 | V9,0.47473092353083945,0.9975538807110466,0.14117118308577853,0.7603362797767035,0.8037755293738762,0.4988230380791588,0.794008442354506,0.6486873585529433
V3 | V15,0.740993728839442,0.9991384588303212,0.3991916017891963,0.9277637719947236,0.4253627116824562,0.4996292134013088,0.4562381196320109,0.6478115721884955
V18 | V21,0.663416371032187,0.9958744613750248,0.11259486877355425,0.9515842524400365,0.5913432275032877,0.25693185658173195,0.7228161185984556,0.6456867845449054
V8 | V18,0.6713816909290024,0.9924739033212678,0.09678037195892719,0.9441052036953312,0.49962480878129956,0.35318001635707863,0.6762682792654096,0.6420595166102999
V16 | V28,0.5890607653338552,0.9977147050320483,0.13971062080874772,0.9150033561768701,0.6148101231850998,0.3079593373627237,0.8148354398670345,0.6420534664739495
V12 | V22,0.6935274516927054,0.9989661289619417,0.25856687682871304,0.9129251231748168,0.4782233434422051,0.45795251921830477,0.5298606952935381,0.6418343857783363
V12 | V25,0.6992315786695644,0.9989809447771018,0.23495384521043278,0.8843694340017006,0.5001400928584848,0.4517115554505216,0.5505016167888324,0.6413207445085007
V8 | V9,0.6209151711968308,0.9897397669734507,0.07368989053543497,0.9388055029249324,0.5455645312793538,0.3726634011500743,0.6749229451553331,0.6410680495318598
V5 | V8,0.6565975384491409,0.9932173794924741,0.12495065853780449,0.9431166771881594,0.45594160113791904,0.42502126637914056,0.6403263223674636,0.6401537596494834
V7 | V22,0.7749592964734381,0.998292145931523,0.3141944231680403,0.9493108170121175,0.39372426934328125,0.4088048157051642,0.4816196993678372,0.6397353153178617
V11 | V19,0.6094682060024581,0.9987329550529577,0.1764297864344557,0.8925727994951799,0.6354869702906525,0.3188154867466717,0.7323708742824471,0.6396078302101191
V12 | V26,0.7182946626169245,0.999133940586293,0.23976816198665318,0.8881306763502068,0.5044513029709348,0.44379351503129677,0.48046404565305245,0.6393017029075344
V7 | V25,0.7699790251475195,0.9981405667792921,0.2702164734791464,0.9261499176829258,0.41564101875956094,0.40256385193738103,0.5022606208631315,0.6378992719333129
V16 | V19,0.6405221663897452,0.9983812170999202,0.17084487280422256,0.8625054199532625,0.591044792141918,0.34604184195873655,0.7384167679271627,0.6370159001985991
V10 | V22,0.6973947251206084,0.9977160787741965,0.18956411951770427,0.9122954720670345,0.4878655967365342,0.41560917559814287,0.5366211568882144,0.6367796194526676
V10 | V25,0.698839698431208,0.9975874819707207,0.16988096601951716,0.8894817017896846,0.5097823461528139,0.4093682118303597,0.5572620783835085,0.6366366694902087
V12 | V24,0.6987726768061825,0.9990987396434998,0.24077178484909384,0.889812571976574,0.5236542229140388,0.4482728287449512,0.4508937280667964,0.6366210953341668
V9 | V21,0.5822493091691859,0.9939810312749915,0.08433242091614673,0.9402314209142696,0.6372829500013418,0.27641524137472767,0.721470784488379,0.6355068992449158
V7 | V26,0.7858295364065809,0.9983270722699136,0.2806558484151366,0.9296018345088444,0.419952228872011,0.3946458115181562,0.4322230497273516,0.6349997557796249
V7 | V24,0.7743438926463276,0.9982995625674904,0.2844158404664021,0.9310746504950165,0.4391551488151151,0.3991251252318106,0.4026527321410951,0.6342759638088308
V10 | V26,0.7229744520673825,0.9979262221733944,0.1757820507867998,0.886599286397254,0.514093556265264,0.40145017141113487,0.48722450724772837,0.634224630876212
V11 | V27,0.4679912408549485,0.9968769046074244,0.10821597013838884,0.9019524098242764,0.7282595743538821,0.3133097999504707,0.8283960112150222,0.6336393886521791
V10 | V24,0.7050821623005445,0.9978950937788708,0.17807434732242264,0.8894984905587568,0.5332964762083681,0.40592948512478927,0.4576541896614723,0.6322557744476041
V7 | V13,0.7291105752807705,0.9981427582493203,0.2805768061491147,0.9295101765927872,0.4276567993344248,0.39967519984911315,0.5045241702834347,0.6305740048334405
V12 | V13,0.6059541934365501,0.9985954349975396,0.21592520223354902,0.9111831236477197,0.5121558734333486,0.4488229033622538,0.552765166209136,0.6267566012511016
V10 | V13,0.650713167886798,0.9976101080788425,0.17763919938937042,0.8894918110176618,0.5217981267276778,0.4064795597420919,0.5595256278038121,0.62665934480045
V16 | V23,0.6518335762008634,0.9975129944199501,0.1550290372518912,0.9319732414659125,0.4916078473470922,0.3189808653300483,0.6842091746740178,0.6264903644195239
V6 | V16,0.4928673884277742,0.9960924816683848,0.11404160999613462,0.8424553370410802,0.6905021335981322,0.3902700949080508,0.7279600166342046,0.6227811287318706
V1 | V19,0.6928872056671248,0.9988455994656071,0.34841067551918664,0.9166752437972471,0.45079949545100784,0.3885882749406106,0.5225343463437861,0.6225216010787953
V4 | V27,0.420667579338143,0.9968616283046631,0.11818539778168229,0.8589459198955882,0.7346458763854969,0.36638896499467527,0.819806327756009,0.6220909758600681
V7 | V15,0.7326162773718943,0.9981145906530186,0.27851532551621594,0.9287737275174472,0.39802474437078983,0.3974441411962005,0.4446820330314216,0.6189094816388756
V16 | V22,0.742008393775906,0.9992031593999242,0.25881139688319016,0.9455118690309184,0.41200719250691076,0.3063421493789795,0.5255417492857699,0.6181041090074612
V1 | V27,0.5656787120660444,0.998408252454409,0.25535260159962886,0.9154903705246314,0.5435720995142375,0.38308258814440965,0.6185594832763615,0.6174791565070346
V10 | V15,0.6576959745813081,0.9976275252793821,0.1779133337355719,0.8904241176877356,0.4921660717640428,0.40424850108917915,0.49968349055179884,0.6162812866930851
V16 | V20,0.5269516483201794,0.9967935630590481,0.11398187516473451,0.8906734980683221,0.6117291538069295,0.3288299946503471,0.7291751425869433,0.615435630547275
V2 | V27,0.4972364601266036,0.9938268390383536,0.07790603541437613,0.8907647084872796,0.6449295510050725,0.302389732259591,0.76999111971356,0.6134632607777596
V11 | V28,0.4698532093120714,0.9972161839875409,0.11436320298916514,0.903999903400232,0.6592523013338343,0.28073298215065884,0.8087895462223189,0.6123392894972064
V12 | V15,0.6273749319625401,0.9987819251090637,0.2232170970217079,0.8796589417119527,0.4825238184697137,0.44659184470934105,0.4929230289571229,0.6118739039501464
V16 | V26,0.7522480299153881,0.9993829762462236,0.23386146690688242,0.9202850458957115,0.43823515203564045,0.2921831451919715,0.4761450996452843,0.6118314383628257
V4 | V28,0.4444912212817663,0.9970875613067012,0.1259080239110198,0.8669300617368125,0.6656386033654491,0.3338121471948634,0.8001998627633056,0.6077654571430379
V16 | V25,0.7138867399617094,0.9988856620886426,0.20203596808607754,0.9032793440441603,0.4339239419231905,0.30010118561119636,0.5461826707810642,0.6057148135864513
V11 | V22,0.6672099801514723,0.9993122019897166,0.22825237190682396,0.9531408371730566,0.4564493706556454,0.27911579416691473,0.5194958556410545,0.6041503228597497
V21 | V27,0.6135878815037307,0.9846244142988972,0.02061879228307437,0.9299963136521011,0.5681532970129627,0.1439811682902442,0.7472686698898818,0.6030498088385876
V8 | V27,0.6208926600228607,0.968669580962662,0.015280974368428613,0.9358868371608864,0.47643487829097453,0.24022932806559086,0.7007208305568358,0.6025997986229334
V16 | V24,0.7218538412805214,0.9992214519626104,0.2165987641875383,0.9060063221816935,0.45743807197874453,0.296662458905626,0.4465747820590278,0.6024426252483307
V11 | V23,0.5528257254552938,0.9972219757960501,0.1274321658063277,0.922148115841646,0.5360500254958268,0.2917545101179835,0.6781632810293023,0.6021206955499273
V11 | V26,0.6848754790899458,0.999659492092578,0.21761271182277703,0.9363566014177686,0.4826773301843751,0.2649567899799067,0.4700992060005684,0.6018447647598417
V13 | V16,0.6713937706991671,0.9990948611874095,0.2341751370985621,0.9213720469217446,0.44593972249805425,0.29721253352292853,0.5484462202013674,0.6016665276295612
V4 | V19,0.5194939861680358,0.9982048939994267,0.14918145252639162,0.7791174834217615,0.6418732723222672,0.37189465179087633,0.723781190823434,0.5997845713024214
V6 | V11,0.42996090003919574,0.9951627204864516,0.09439302375983695,0.8000474651228626,0.7349443117468667,0.363043739695986,0.7219141229894892,0.599291113878034
V4 | V23,0.5228261369300211,0.9978042148233619,0.16133509619716643,0.8964373747816397,0.5424363275274415,0.34483367516218805,0.669573597570289,0.5992272382228699
V4 | V6,0.4027832873936159,0.9958257048613279,0.11029856025522208,0.7789095992052123,0.7413306137784815,0.4161229047401906,0.7133244395304756,0.598246369306489
V11 | V24,0.6662964247459571,0.9996071218630624,0.21689747060394576,0.9326983768058379,0.5018802501274792,0.2694361036935611,0.44052888841431237,0.598064859993588
V5 | V19,0.6831934994716393,0.9962006856357278,0.15116808854761907,0.9033623018546647,0.4260540511526798,0.28420531537283444,0.589744282893216,0.5976652519260005
V11 | V20,0.4501433961987451,0.995817113926815,0.09385062104503492,0.8810847897085846,0.6561713319556641,0.30160363943828233,0.7231292489422276,0.5966749656498446
V2 | V28,0.5129287836100198,0.9920327860064072,0.06647198057619501,0.8953807155927371,0.5759222779850247,0.2698129144597791,0.7503846547208566,0.5962628787617357
V2 | V20,0.5273114435940732,0.9882892438698762,0.05060515204824604,0.8984521898264404,0.5728413086068544,0.29068357174740256,0.6647243574407655,0.5956183201700564
V11 | V25,0.651749311953787,0.9991858983270882,0.18804249179668428,0.912381940099128,0.47836612007192514,0.2728748303991315,0.5401367771363486,0.595294680821075
V4 | V20,0.42368228953267995,0.9964882967922251,0.11390750764208181,0.8496032228965531,0.662557633987279,0.3546828044824869,0.7145395654832145,0.5932234223495828
V2 | V23,0.610117323963299,0.9860243792960147,0.051240131503973795,0.9224233770723022,0.45272000214701713,0.28083444242710376,0.61975838952784,0.5918219031265085
V11 | V13,0.6073387251186882,0.9993200003831245,0.21742970232374947,0.933921226191491,0.4903819006467889,0.2699861783108637,0.5424003265566522,0.5916286362747406
V15 | V16,0.6798763558420147,0.9991213340859613,0.2320850351917398,0.9195822836998377,0.4163076675344194,0.2949814748700158,0.4886040829493543,0.5909828966612856
V2 | V19,0.5707989977340404,0.9921827324829483,0.0751792965127438,0.8339069138523568,0.5521569469418428,0.30789541905579193,0.673965982780985,0.5905835493742247
V21 | V28,0.6438255174190246,0.9849949379299715,0.019964546517797152,0.9388552167858724,0.49914602399291486,0.1114043504904323,0.7276622048971786,0.5905464789376115
V1 | V20,0.557310090092729,0.9981994966733712,0.24741381393604664,0.917532840481913,0.47148385711601937,0.37137642763222123,0.5132927210035667,0.5886120616936652
V5 | V27,0.5345403805743008,0.9942739502109039,0.09057731427826513,0.906774565746375,0.5188266552159094,0.27869962857663344,0.6857694198257913,0.5884109353212567
V4 | V22,0.6135289276528032,0.9993361425290026,0.22193377972408296,0.895209893619112,0.4628356726872602,0.3321949592111193,0.5109061721820409,0.5872814489158588
V1 | V28,0.537476533488078,0.9984438272392273,0.24463019061202768,0.9117475561108908,0.47456482649418963,0.3505057703445978,0.5989530182836582,0.5872154435958654
V8 | V28,0.6459844668041017,0.9766372300082016,0.020430956491443088,0.9318803032205146,0.40742760527092675,0.207652510265779,0.6811143655641325,0.5855936521699086
V1 | V23,0.642887275305144,0.9985836849862146,0.30172795450390677,0.9412710014136318,0.3513625506561821,0.36152729831192243,0.4683267530906414,0.585450214282379
V1 | V22,0.7590519449828516,0.99921961788374,0.43919592526161344,0.954041985356432,0.27176189581600063,0.3488885823608536,0.30965932770239357,0.5833695109904311
V1 | V6,0.4862488937609005,0.9967482142738349,0.1874134479857552,0.854862110100491,0.550256836907222,0.4328165278899249,0.5120775950508283,0.58310018342986
V11 | V15,0.6191573055091736,0.9993868190719842,0.21929807593589107,0.9360512933957895,0.460749845683154,0.26775511965795096,0.4825581893046389,0.5827589617249257
V2 | V6,0.4504232084528217,0.9893944994468938,0.057157267064120824,0.811292641206418,0.6516142883980571,0.35212367200510625,0.6635092314880269,0.5825274776442452
V5 | V28,0.580491308342123,0.9944148636895849,0.09756950592601984,0.9170053559030149,0.4498193821958617,0.2461228107768216,0.6661629548330881,0.58017890013913
V5 | V6,0.5333905221147477,0.9896677259252445,0.06610963655943668,0.8619552083166451,0.5255113926088941,0.32843356832214876,0.5792875316002581,0.5775541779540826
V1 | V26,0.7697859501969145,0.99932937912414,0.3964128765755732,0.9293156101754814,0.29798985534473044,0.33472957817384563,0.2602626780619077,0.5773455446030049
V1 | V24,0.7595164064252616,0.9993018098272222,0.3928830668612525,0.9276606444263142,0.31719277528783446,0.3392088918875001,0.23069236047565145,0.5761438321955261
V1 | V13,0.7264670992945144,0.9992196346173193,0.3917866460245945,0.9275502415057333,0.30569442580714423,0.33975896650480264,0.33256379861799124,0.5758513935242504
V8 | V20,0.6175992158333821,0.9815030028496108,0.02839501519383629,0.9393597258446651,0.40434663589275655,0.22852316755340246,0.5954540682840412,0.5753591029371478
V4 | V25,0.601875825595461,0.9992026557284632,0.18528625039878285,0.8358266220818786,0.48475242210353986,0.32595399544333614,0.5315470936773352,0.5747216047964436
V18 | V27,0.49555015175789496,0.9958816594121525,0.07764105985216178,0.8961504110104506,0.5625098628592899,0.20685837855457154,0.7217113767237373,0.5739699266472323
V4 | V24,0.6196643392016419,0.9995288831994064,0.2008709381286046,0.838813839987089,0.508266552159094,0.3225152687377657,0.431939204955299,0.5739698294720846
V6 | V21,0.5221686946996685,0.9917300671818322,0.05644593662124707,0.902265005285167,0.5748380344059473,0.1937151080357595,0.6407867816643487,0.5738977316509851
V1 | V25,0.7278282897701469,0.9990250514974468,0.36150221975380964,0.9232320928258424,0.29367864523228043,0.34264761859307047,0.33030024919768786,0.5730603733338363
V8 | V19,0.6294111803942439,0.9839060468455346,0.038811789288634435,0.9155025855031029,0.3836622742277449,0.24573501486179186,0.6046956936242607,0.5725774686546702
V4 | V13,0.565391933281947,0.9992644299559484,0.20318396826360077,0.8450820616532457,0.4967682026784037,0.3230653433550683,0.5338106430976384,0.5699662722502564
V5 | V23,0.6520822492168501,0.9953062427535112,0.12746032151723616,0.9376823187749708,0.3266171063578541,0.2571443387441462,0.5355366896400713,0.5677470999823624
V2 | V22,0.672709207529357,0.9923713281721108,0.09237496622544887,0.8997559708750689,0.37311934730683566,0.26819572647603496,0.46109096413959216,0.5674884057716398
V1 | V15,0.7293288148326211,0.9992116473854955,0.3967326779942506,0.9303523173919871,0.2760623708435093,0.3375279078518899,0.272721661365978,0.5649105049318297
V5 | V22,0.7662961810450422,0.9974647747779024,0.21999393157414585,0.9475576287938181,0.24701645151767265,0.24450562279307744,0.37686926425182343,0.5644547937470474
V5 | V20,0.5433341905945964,0.9946874580905327,0.09935380600073487,0.9058356541890811,0.44673841281769144,0.26699346806444507,0.5805026575529966,0.5630891031276464
V21 | V23,0.6631444772996966,0.9869892034528012,0.027345559076314644,0.9496194825038868,0.3759437481549073,0.12242587845775697,0.5970359397041618,0.5625685092438448
V8 | V23,0.6810409274748825,0.9765727130744335,0.024471146040737052,0.9444984635250168,0.2842253294329192,0.21867403823310363,0.550488100371116,0.562013531320291
V19 | V21,0.5610466200781417,0.9920841458072513,0.04827187227911661,0.9191233249428417,0.47538069294973295,0.14948685508644521,0.6512435329573065,0.5601403491582121
V18 | V19,0.5913816078839758,0.997371403556178,0.1050241594525029,0.8480600953101307,0.4697372587960603,0.21236406535077254,0.6256862397911622,0.5588493146070094
V9 | V27,0.4010714355315125,0.991739665395831,0.047412468474776794,0.8758709124603636,0.6084495853573443,0.22634176334756725,0.7203660426136609,0.5582304610003175
V18 | V26,0.7366922286865965,0.9997556343887689,0.22135972739672294,0.9650053185798395,0.31692761868978286,0.15850536858400752,0.3634145715092836,0.5568524414222955
V18 | V28,0.5037341755155941,0.9962339742094627,0.0810417512348432,0.9041704115859542,0.4935025898392421,0.17428156075475967,0.7021049117310341,0.5557434680672908
V18 | V22,0.7152078534771737,0.9992231309638858,0.21692434620712467,0.9692353833257191,0.2906996591610531,0.17266437277101554,0.41281122114976965,0.5550647377021138
V6 | V8,0.461694580530409,0.9852610269047922,0.038088404023620986,0.8944296245580947,0.4831196156839592,0.28996326781110615,0.5942389423313026,0.5530715222042693
V5 | V26,0.7610771471598745,0.9971187490565394,0.17184441655184832,0.9123783102291274,0.2732444110464024,0.23034661860606942,0.3274726146113376,0.5518293317388786
V5 | V25,0.7229343692952177,0.9962370824843579,0.1486547636387731,0.9092719106037483,0.2689332009339524,0.23826465902529428,0.3975101857471177,0.5492421605413026
V5 | V24,0.7460747328940706,0.9969513495046453,0.16777966863580798,0.908279690486419,0.2924473309895065,0.23482593231972385,0.2979022970250811,0.5488334882094765
V27 | V28,0.5656895259762137,0.9722232790761547,0.005529416659072895,0.910936410643549,0.4703126593489171,0.061330872463271874,0.7265574630224603,0.5481409368196245
V4 | V15,0.5527060568670982,0.9990912845558058,0.18823576681063092,0.8195652604818455,0.46713614771476875,0.3208342847021556,0.47396850584562555,0.5480587664051833
V18 | V23,0.5898024501566099,0.9956954699862277,0.08869910556289322,0.9239077439871727,0.3703003140012346,0.1853030887220843,0.5714786465380175,0.5466960937344112
V2 | V25,0.62395432738955,0.9917022273435867,0.06992366677101519,0.8432088040695684,0.39503609672311535,0.2619547627082518,0.48173188563488645,0.5463621433145417
V5 | V13,0.6970744568659474,0.996666368985431,0.17026306957200574,0.9121206601931702,0.2809489815088162,0.23537600693702643,0.3997737351674209,0.5455411504706901
V9 | V28,0.41713656676102107,0.9923688588461586,0.04931767664486989,0.8870771460510071,0.5394423123372964,0.1937649455477554,0.7007595776209574,0.5427708375421132
V13 | V18,0.6373527508609751,0.9994097371540265,0.22124717535195046,0.9656052263126849,0.32463218915219666,0.1635347569149645,0.4357156920653673,0.541944452713384
V2 | V26,0.6496937744570923,0.9923518405626096,0.07016248229341636,0.8296731596070462,0.3993473068355654,0.25403672228902696,0.41169431449910654,0.5416879707908638
V2 | V24,0.6358691116363652,0.9923235961416165,0.07136059900075903,0.834259514869695,0.4185502267786695,0.25851603600268136,0.38212399691285004,0.5411578088740702
V2 | V13,0.5858553384020175,0.9919834547131846,0.07290510349161991,0.8373672077184235,0.40705187729797915,0.2590661106199839,0.4839954350551896,0.5374287776192219
V18 | V20,0.4805527290545386,0.9942681249212573,0.062024112771388376,0.8723261785068399,0.49042162046107196,0.19515221804238314,0.6164446144509428,0.53697895603613
V9 | V20,0.4344385022043986,0.9919732466961808,0.049499995542207825,0.8628533358430573,0.5363613429591262,0.2146356028353789,0.6150992803408661,0.5360322767048517
V5 | V15,0.7060121389310214,0.9967604116822011,0.1699977556179458,0.9104376674218461,0.2513169265451813,0.2331449482841137,0.3399315979154076,0.5349979863456166
V20 | V27,0.5411342742473968,0.9883791573279825,0.019434414765664022,0.8969313944970874,0.46723168997074693,0.08220152975089538,0.640897165742369,0.5334927777046864
V9 | V23,0.504200941268912,0.9939358943032122,0.06681512951148803,0.9034074172814707,0.41624003649928887,0.20478647351508003,0.5701333124279406,0.5331207228832635
V15 | V18,0.6462139385193435,0.9993893325915268,0.21328919340434807,0.9593764015195173,0.29500013418856175,0.1613036982620518,0.37587355481335405,0.5302457069811733
V8 | V25,0.6923240113472446,0.9762653609950049,0.025576013169069496,0.9202648609110489,0.2265414240090175,0.1997943585142517,0.41246159647816216,0.5296605342170434
V8 | V22,0.6884118428948558,0.9784369844653485,0.032397786732533844,0.9434099485677248,0.20462467459273775,0.20603532228203486,0.3918206749828681,0.5292695147388865
V8 | V26,0.710332309151164,0.9770973936978793,0.026133522878709597,0.9272184826622152,0.2308526341214675,0.19187631809502684,0.34242402534238203,0.5281758909308818
V6 | V18,0.437118389938453,0.9945357434433044,0.07018820721664135,0.7666397421528492,0.5691946002522745,0.25659231830008683,0.6152294884982041,0.5276198655831182
V9 | V22,0.626190911885897,0.9970731940394193,0.09600835678677215,0.8857978656467126,0.33663938165910745,0.19214775756401126,0.4114658870396928,0.5249012109317454
V2 | V15,0.5866819581616792,0.9916492042628947,0.07005291007952076,0.830945450844297,0.37741982233434423,0.25683505196707124,0.42415329780317657,0.5236731568920948
V8 | V24,0.6863965791632746,0.9765962199083537,0.025599386554872868,0.9258695540368452,0.2500555540645716,0.19635563180868126,0.31285370775612575,0.5236341412502931
V21 | V25,0.6391935276471075,0.9880566794946481,0.030249076212107113,0.9272383497001713,0.3182598427310056,0.10354619873890501,0.45900943581120823,0.5218701212119227
V18 | V25,0.6480345722948706,0.9981703697267915,0.11895680300830941,0.8806803152820531,0.31261640857733286,0.16642340900323238,0.4334521426450637,0.5213318996748504
V23 | V27,0.5792574689860754,0.9501362269524669,0.0045378856752351015,0.9129520648023188,0.3471103835109095,0.07235240043059654,0.5959311978294437,0.5165380600183441
V20 | V28,0.558134172011111,0.9904259969483656,0.020599050726346785,0.8997452297100412,0.3982244169506991,0.04962471195108349,0.6212907007496657,0.5161687462856112
V21 | V26,0.6440517791128724,0.989024898434378,0.03024536678254864,0.9256499726114128,0.3225710528434556,0.09562815831968019,0.3889718646754281,0.5149624666312413
V6 | V9,0.39666103308766376,0.99296143508994,0.058112569568875734,0.7045356541670339,0.6151343227503289,0.2760757030930825,0.6138841543881275,0.5149295924211694
V8 | V13,0.6008598973072213,0.9746566240199073,0.025334652012151685,0.9259286109271214,0.2385572045838813,0.19690570642598382,0.41472514589846554,0.5102622238504053
V21 | V24,0.6087626154392799,0.9883660126216426,0.03129746338666772,0.9303869278632321,0.3417739727865597,0.10010747203333462,0.3594015470891716,0.5091038294985241
V4 | V26,0.5552468989113113,0.9984925467686224,0.1172129430424889,0.632456287114116,0.4890636322159899,0.3180359550241113,0.4615095225415553,0.5044966662085326
V20 | V23,0.6240044858745716,0.9894430153869713,0.025565400829731025,0.9276632751451743,0.2750221411126915,0.060646239918408174,0.4906644355566492,0.5041170600168214
V8 | V15,0.6240711756430453,0.9744680037242738,0.025994379781974438,0.9272602730020588,0.2089251496202464,0.1946746477730711,0.3548830086464523,0.5040411225045848
V18 | V24,0.5606673362770692,0.9981499186824476,0.13112328711446092,0.9054051333642505,0.33613053863288694,0.16298468229766194,0.3338442539230275,0.4997255869887424
V6 | V27,0.3664611837307328,0.9894197900592329,0.032836312047712125,0.8208341936139685,0.5460046697619495,0.14364163000859906,0.6396820397896306,0.4987213082692481
V23 | V28,0.5757997582671157,0.9646450271970073,0.0055707588266629155,0.9165029485393605,0.2781031104908618,0.039775582630784664,0.5763247328367402,0.4942838886096224
V9 | V19,0.4372667304099257,0.9947701882935744,0.05578562719487386,0.6577775066296022,0.5156769812941145,0.23184745014376826,0.6243409056810856,0.4857000361155671
V6 | V28,0.3875050768334143,0.9908121507643531,0.03746953697432748,0.8287612276104106,0.4769973967419018,0.11106481220878718,0.6200755747969271,0.4836865753807867
V6 | V20,0.40836203546372407,0.9924325902885877,0.047575387582026125,0.8271225912375582,0.4739164273637315,0.13193546949641066,0.5344152775168358,0.4834830637990326
V13 | V21,0.4798054072577591,0.9862202148237507,0.030021083225168346,0.9243212311330287,0.3302756233058694,0.10065754665063717,0.4612729852315114,0.48334559211214934
V6 | V23,0.491819218655408,0.9934218746060897,0.05483348804301941,0.856664909376089,0.3537951209038942,0.12208634017611182,0.4894493096039103,0.4812422551842665
V15 | V21,0.503556884217647,0.9865047907949182,0.029955163141724923,0.9232436300030632,0.3006435683422345,0.09842648799772447,0.40143084797949813,0.47665722462111915
V19 | V27,0.29532150382717137,0.990192374649096,0.023852349110099914,0.8110092476606494,0.4465473283057352,0.09941337705928475,0.6501387910825884,0.450788708053218
V19 | V23,0.4540214249297746,0.990976712398273,0.0303667623064902,0.8797914706881595,0.25433777944767993,0.07785808722679755,0.4999060608968686,0.4498830033290659
V9 | V25,0.4939598833901533,0.9949253816103384,0.051803074378253745,0.689329600766545,0.35855613107538714,0.1859067937962281,0.43210680853498706,0.4479256368669963
V13 | V22,0.6817510045443287,0.9859336946213095,0.037594953514985714,0.9847786656973553,0.029632054963634913,0.01639006283992072,0.1512680877828252,0.4409636498994147
V21 | V22,0.3257251752571463,0.9871785989302373,0.02203663271459624,0.9321602339262749,0.29634309331472586,0.1097871625066882,0.43836851431591395,0.43953425489172954
V19 | V20,0.35207287176559043,0.9903488383169476,0.02793455604540148,0.8170240579889192,0.37445908590751725,0.08770721654709639,0.5448720288097939,0.4391946958105295
V9 | V24,0.513548116517731,0.9954603633040251,0.04883368723735342,0.6432162376549637,0.3820702611309412,0.18246806709065766,0.3324989198129509,0.4353486461687885
V9 | V26,0.5239333172462697,0.9957049902972797,0.04947115920032657,0.6180729158066123,0.36286734118783714,0.17798875337700323,0.36206923739920716,0.42987970091610933
V19 | V28,0.2764421995527646,0.9919528167949486,0.025644112893234466,0.8269006978547979,0.37754005528568746,0.06683655925947288,0.6305323260898852,0.4277642798699113
V9 | V15,0.45932309678782124,0.9951954215600325,0.04893939953408929,0.637280727986732,0.340939856686616,0.1807870830550475,0.3745282207032774,0.41594916621229877
V9 | V13,0.4047401464403737,0.9921079627509769,0.045137582502953695,0.6408191508190969,0.37057191165025094,0.1830181417079602,0.4343703579552902,0.41554487078203894
V20 | V25,0.4673211598302015,0.9905637202719139,0.023425403328665172,0.8354914251521265,0.2173382356887899,0.0417665601995562,0.3526379316636954,0.4127878985896207
V20 | V22,0.4457914339366702,0.9899147689492099,0.026930662584954922,0.8751249885192743,0.19542148627251016,0.04800752396733937,0.3319970101684011,0.4121146086787961
V6 | V19,0.3322910847894234,0.9933704847203066,0.045910732036889466,0.6154728250481458,0.4532320656987199,0.14914731680480006,0.5436569028570553,0.4117825442458018
V6 | V22,0.48212139188842795,0.9949186411991295,0.05935275664619891,0.7240783271275074,0.2741944660637127,0.10944762422504305,0.33078188421566246,0.41135653623330126
V23 | V25,0.513779034047248,0.9770180259607341,0.010377921112716416,0.9047359032364293,0.09721692922895257,0.03191743087925737,0.3076719637507699,0.41122280271763834
V22 | V23,0.5022161518595749,0.9612116967112624,0.007965846615513283,0.9274105252683134,0.0753001798126728,0.038158394647040544,0.2870310422554756,0.4088014883994623
V23 | V26,0.5394877749427797,0.9653036198704696,0.006485089494833036,0.8981194797150552,0.10152813934140258,0.023999390460032532,0.23763439261498998,0.4082707588862447
V20 | V26,0.47300875882101656,0.9917321522674565,0.02380984893052656,0.8215947669360875,0.2216494458012399,0.03384851978033136,0.28260036052791526,0.40301051060838183
V23 | V24,0.4874669363163645,0.9689648672733381,0.00793144500960867,0.9111519107787623,0.1207310592845066,0.02847870417368695,0.2080640750287337,0.4003030719682938
V6 | V25,0.4575945226568754,0.9944954311619885,0.04927383278932334,0.6504703136452767,0.29611121547999253,0.10320666045725987,0.35142280571095674,0.3920220648340842
V25 | V27,0.3063888862322014,0.9750171778748645,0.007939034569108295,0.7952063515250007,0.2894264780870079,0.05347272071174458,0.4579046939364899,0.3897691185927
V6 | V24,0.46134741048788264,0.9949599571392397,0.053648300485888784,0.6583090808902285,0.31962534553554656,0.09976793375168946,0.25181491698892033,0.388974270400867
V20 | V24,0.40520395673716936,0.9914562778925858,0.022892669634550177,0.8066458842001405,0.240852365744344,0.03832783349398579,0.253030042941659,0.3841015043761593
V22 | V27,0.24193953016736966,0.9388310417653862,0.003719397041271699,0.814268539860969,0.26750972867072814,0.059713684479527754,0.43726377244119585,0.37322307738125543
V25 | V28,0.2933976752850317,0.9815179689208999,0.00813060377231167,0.8215822869980369,0.2204192050669601,0.020895902911932693,0.43829822894378645,0.3708378350609244
V6 | V26,0.46205337409976655,0.9954202256944242,0.04952534278996638,0.5867520548511973,0.30042242559244253,0.09528862003803504,0.28138523457517683,0.36948208982135416
V6 | V13,0.3754640776417608,0.9951259498239312,0.05280900863744498,0.6256361943112593,0.30812699605485633,0.10031800836899202,0.3536863551312599,0.3673327043861507
V22 | V25,0.5201435808215212,0.9887328267788374,0.01979637433439678,0.8542730773655534,0.017616274388771114,0.01927871492818858,0.14900453836252203,0.36588361624641286
V26 | V27,0.2433627363643012,0.823652131086136,0.0008656495626233895,0.7874902292706629,0.2937376881994579,0.045554680292519745,0.3878671228007098,0.36435842738720753
V13 | V23,0.3214608525661906,0.9598864078521185,0.0066916549436777896,0.9000452899080564,0.10923270980381637,0.02902877879098951,0.30993551317107304,0.36402238465463027
V15 | V23,0.3581853492831246,0.9620266847976138,0.009368681500575009,0.8981933117184152,0.07960065484018146,0.0267977201380768,0.2500933759190602,0.3603836778379427
V6 | V15,0.3935429420679313,0.9945902921797026,0.051025143834581954,0.6120128051667038,0.2784949410912214,0.09808694971607931,0.29384421787924686,0.3560897367580436
V22 | V28,0.21707129281822926,0.9711342023987776,0.006618125672662237,0.8393297124091574,0.1985024556506803,0.027136866679715866,0.4176573074484924,0.35099384651777515
V13 | V20,0.23793059796268476,0.9890938039452837,0.02224552975546764,0.8014754157068495,0.2293540162636537,0.03887790811128834,0.35490148108399855,0.3489880364007718
V15 | V20,0.27803846188391135,0.9894448444700555,0.022555692812242765,0.8013633215551981,0.1997219613000188,0.03664684945837564,0.2950593438319855,0.34663014239465484
V24 | V27,0.17305831994792645,1.1102230246251565e-16,0.0,0.773694750524306,0.31294060814256197,0.05003399400617417,0.3582968052144535,0.3451128685692507
V26 | V28,0.22138392476504473,0.9769451860811741,0.004980784423222036,0.8188589029274167,0.22473041517941011,0.01297786249270786,0.36826065780800676,0.34442842823833963
V13 | V27,0.0793059412250923,0.927129181210434,0.003985043939846898,0.789739856536377,0.3014422586618717,0.050584068623476725,0.4601682433567933,0.33368353923311633
V15 | V27,0.10120353229124487,0.895669422224175,0.00394450771489386,0.7863071290122879,0.2718102036982368,0.04835300997056402,0.40032610610478003,0.3259429186701214
V24 | V28,0.10243279366945049,0.9693348646477078,0.004029566262895228,0.8009831587220998,0.24393333512251414,0.017457176206362283,0.33869034022175026,0.3120011243858378
V19 | V22,0.3716332717737426,0.9875498850448582,0.01695112894358965,0.5276353891112135,0.17473712460749846,0.06521937127572876,0.34123863550862055,0.30693232794874653
V13 | V28,0.0,0.9598323167910312,0.004565135573517655,0.8127922205659338,0.2324349856418239,0.018007250823664844,0.44056177836408983,0.2973426802709902
V15 | V28,0.04148717451047576,0.9669244585747788,0.006664057866326069,0.8145406535443471,0.202802930678189,0.015776192170752133,0.3807196411120768,0.29579474569470166
V19 | V25,0.32048866945830023,0.9880654774289155,0.015936547626277962,0.44152074526562946,0.19665387402377826,0.05897840750794557,0.36187955700391483,0.2778167656877187
V19 | V24,0.24729169508722734,0.9949042218287605,0.034191385860574026,0.4651566976027697,0.2201680040793323,0.055539680802375174,0.2622716682818784,0.2594808019770286
V19 | V26,0.3218519511567841,0.9893236956974533,0.01560489842656067,0.2610931866704036,0.20096508413622827,0.05106036708872075,0.2918419858681347,0.22532557328860023
V15 | V19,0.2011804968396401,0.9828258183787235,0.011044246316448684,0.2946284051010398,0.17903759963500715,0.05385869676676501,0.30430096917220495,0.20096158168274492
V24 | V26,0.26662262963075223,0.9982961882912206,0.03968652960801124,0.4781626112575771,0.06735836397305493,0.0016809840356101467,0.0,0.20000417982381533
V24 | V25,0.28144842018156535,0.9971272223154546,0.03210708256100265,0.4156675300089111,0.06304715386060493,0.009599024454834983,0.07003757113577991,0.19581198032428507
V22 | V24,0.24046771443148515,0.9963958831740207,0.027330007819712458,0.3380236946443229,0.04113040444432517,0.01583998822261816,0.049396649640485846,0.16095659576638927
V13 | V19,0.11444435755590796,0.9865911058411695,0.015816087084720085,0.1351009432591862,0.20866965459864206,0.05608975541967773,0.364143106424218,0.1517525178498593
V13 | V24,0.15268109993557757,0.9972703703924142,0.0452021972549746,0.2929094624640204,0.07506293443546873,0.00671037236656713,0.07230112055608351,0.13498241401591501
V15 | V22,0.22322443651091226,0.997998775983668,0.053451127299933156,0.2667213884835751,0.0,0.014159004187008009,0.09142595053081215,0.13446085213910466
V15 | V26,0.15638397611132956,0.9969848896356601,0.03912210892325653,0.3021277002383682,0.026227959528729777,0.0,0.042029300890326304,0.12407644108220305
V15 | V25,0.21938054815081162,0.9975867687881871,0.0413498670098202,0.1990716651678165,0.02191674941627976,0.007918040419224837,0.11206687202610643,0.1217866984993686
V25 | V26,0.13270368133488744,0.9965407813702134,0.023545630474661346,0.24537499124430384,0.04384423391750089,0.005119710741180561,0.09960788872203641,0.11427324594873775
V13 | V15,0.1768678203314232,0.9976154145542715,0.05386612056709572,0.18540731409677091,0.03393252999114356,0.005029388330956983,0.11433042144641004,0.10979420941610965
V22 | V26,0.16420361072962456,0.9941181052781252,0.01707684777988093,0.19941730689609738,0.02192748450122113,0.01136067450896374,0.07896696722674212,0.10545955793114166
V13 | V26,0.12202522840667726,0.997036011533901,0.0367691983579157,0.16986924722016528,0.055860014492364676,0.0022310586529127076,0.10187143814233957,0.09477897735000007
V13 | V25,0.11927284216421616,0.9959818538611026,0.02676614863648375,0.0,0.05154880437991467,0.010149099072137544,0.17190900927811947,0.05934869215927643
V15 | V24,0.1357044106745853,0.9974237915157271,0.03608102472527193,0.05375898430792714,0.045430879471833815,0.004479313713654419,0.012458983304070248,0.05859378571313278
